City,Lat,Lng,Max Temp,Humidity,Cloudiness,Wind Speed,Country,Date
Goundam,16.4145,-3.6708,90.12,44,85,14.67,ML,1627094903
Bethel,41.3712,-73.414,70.11,83,1,0.0,US,1627094695
Tazovsky,67.4667,78.7,50.92,80,100,21.05,RU,1627094607
Quryq,43.2,51.65,80.4,63,53,14.2,KZ,1627094904
Malm,64.0721,11.2172,53.8,92,91,0.78,NO,1627094904
Lebu,-37.6167,-73.65,48.78,82,100,8.55,CL,1627094656
Atuona,-9.8,-139.0333,77.43,77,41,10.78,PF,1627094638
Hobart,-42.8794,147.3294,54.23,67,75,4.0,AU,1627094639
Chiredzi,-21.05,31.6667,47.53,76,9,5.37,ZW,1627094905
Rikitea,-23.1203,-134.9692,70.21,56,8,9.4,PF,1627094636
Kushima,31.4583,131.2333,86.04,86,100,12.77,JP,1627094905
Bredasdorp,-34.5322,20.0403,46.27,87,0,4.61,ZA,1627094460
Puerto Ayora,-0.7393,-90.3518,72.55,87,60,5.01,EC,1627094642
Port Hedland,-20.3167,118.5667,80.65,22,2,14.97,AU,1627094694
Coyhaique,-45.5752,-72.0662,37.35,81,20,8.05,CL,1627094752
Ushuaia,-54.8,-68.3,37.06,75,90,9.22,AR,1627094634
Avera,33.194,-82.5271,81.72,67,10,4.09,US,1627094533
Carnarvon,-24.8667,113.6333,64.47,51,77,16.11,AU,1627094647
Baykit,61.67,96.37,80.58,44,27,3.69,RU,1627094487
Cape Town,-33.9258,18.4232,48.11,84,0,3.44,ZA,1627094635
Isangel,-19.55,169.2667,86.11,66,75,0.0,VU,1627094664
Muhafazat Lahij,13.1667,44.5833,82.22,57,99,2.57,YE,1627094688
Provideniya,64.3833,-173.3,54.63,73,100,7.45,RU,1627094543
Chandler,33.3062,-111.8412,78.62,82,90,4.61,US,1627094907
Port Elizabeth,-33.918,25.5701,41.29,87,0,0.0,ZA,1627094644
Plácido de Castro,-10.3353,-67.1856,72.12,54,19,0.51,BR,1627094907
Bathsheba,13.2167,-59.5167,81.21,83,40,14.97,BB,1627094691
Östersund,63.1792,14.6357,50.45,93,20,5.75,SE,1627094907
Moroto,2.5345,34.6666,66.56,77,100,1.28,UG,1627094908
Punta Arenas,-53.15,-70.9167,39.31,81,0,31.07,CL,1627094452
Albany,42.6001,-73.9662,63.99,87,0,3.69,US,1627094520
Tiksi,71.6872,128.8694,45.77,80,58,9.57,RU,1627094682
Palmer,42.1584,-72.3287,66.02,85,20,0.0,US,1627094908
Mataura,-46.1927,168.8643,56.48,72,18,4.52,NZ,1627094634
Busselton,-33.65,115.3333,59.04,72,100,14.14,AU,1627094460
Kailua,21.4022,-157.7394,84.18,68,75,17.27,US,1627094909
Ekhabi,53.5102,142.9671,68.07,82,73,12.39,RU,1627094909
Lamu,-2.2717,40.902,77.22,78,29,17.43,KE,1627094909
Farah,32.5,62.5,88.7,15,0,4.72,AF,1627094910
Touros,-5.1989,-35.4608,74.3,83,20,15.48,BR,1627094636
Vaini,-21.2,-175.2,82.56,83,20,6.91,TO,1627094461
Shenjiamen,29.9576,122.298,76.73,94,100,32.99,CN,1627094758
Aklavik,68.2191,-135.0107,67.03,30,38,5.48,CA,1627094655
Pacific Grove,36.6177,-121.9166,69.8,85,75,5.01,US,1627094648
Bengkulu,-3.8004,102.2655,83.39,66,96,1.21,ID,1627094652
Bend,44.0582,-121.3153,83.48,21,1,1.99,US,1627094665
Lorengau,-2.0226,147.2712,83.12,80,92,9.55,PG,1627094710
Sitka,57.0531,-135.33,57.09,88,90,9.22,US,1627094554
Minbu,20.1833,94.8833,88.03,63,50,8.59,MM,1627094911
Witu,-2.3889,40.4382,77.16,80,40,14.67,KE,1627094911
Brownsville,25.9018,-97.4975,83.08,82,1,5.99,US,1627094912
Upernavik,72.7868,-56.1549,38.55,97,100,11.88,GL,1627094655
Pangnirtung,66.1451,-65.7125,43.21,78,18,1.68,CA,1627094689
Zhezkazgan,47.8043,67.7144,85.3,26,4,3.22,KZ,1627094912
Valera,9.3178,-70.6036,71.85,90,92,6.06,VE,1627094674
Almaznyy,48.0448,40.045,55.54,62,0,6.69,RU,1627094912
Nikolskoye,59.7035,30.7861,53.78,71,94,3.47,RU,1627094641
Port Lincoln,-34.7333,135.8667,54.55,71,88,32.66,AU,1627094789
Port Alfred,-33.5906,26.891,50.11,68,41,6.33,ZA,1627094633
Ribeira Grande,38.5167,-28.7,70.92,95,84,7.72,PT,1627094651
Paraúna,-16.9478,-50.4486,64.94,54,0,4.92,BR,1627094913
Khatanga,71.9667,102.5,58.77,52,99,5.97,RU,1627094661
Tuatapere,-46.1333,167.6833,56.82,67,81,4.38,NZ,1627094573
Jamestown,42.097,-79.2353,67.32,70,1,1.01,US,1627094465
Cabo San Lucas,22.8909,-109.9124,92.8,71,0,7.0,MX,1627094509
Lüderitz,-26.6481,15.1594,62.37,24,13,21.45,NA,1627094732
Qujing,25.4833,103.7833,72.59,69,100,3.44,CN,1627094914
Bluff,-46.6,168.3333,56.8,67,56,5.93,NZ,1627094640
Lata,40.1629,-8.3327,60.82,98,45,2.53,PT,1627094539
Mosquera,4.7059,-74.2302,55.49,76,40,4.61,CO,1627094694
Porto Walter,-8.2686,-72.7439,68.83,65,5,0.58,BR,1627094915
Oktyabr'skoye,43.0645,44.7417,62.74,100,100,8.95,RU,1627094915
Kapaa,22.0752,-159.319,84.18,86,90,1.01,US,1627094539
Broome,42.2506,-75.833,63.55,91,0,0.16,US,1627094748
Burnie,-41.0667,145.9167,53.92,88,100,20.92,AU,1627094742
Flinders,-34.5833,150.8552,62.2,60,67,16.53,AU,1627094705
Airai,-8.9266,125.4092,77.32,20,57,4.83,TL,1627094686
Saint George,37.1041,-113.5841,88.39,39,75,17.0,US,1627094646
Hermanus,-34.4187,19.2345,47.89,62,0,9.98,ZA,1627094640
Kafanchan,9.5833,8.3,67.17,98,100,1.83,NG,1627094916
Neftçala,39.3742,49.2472,81.55,67,0,12.21,AZ,1627094916
Kavieng,-2.5744,150.7967,84.96,72,100,14.36,PG,1627094761
Kroonstad,-27.6504,27.2349,27.75,42,0,9.93,ZA,1627094917
Tonneins,44.3921,0.3124,64.81,95,11,2.77,FR,1627094917
Tura,25.5198,90.2201,76.84,90,88,8.84,IN,1627094564
Fatehpur,25.9333,80.8,89.01,65,9,14.14,IN,1627094917
Souillac,-20.5167,57.5167,67.35,94,75,5.75,MU,1627094687
Dingle,10.9995,122.6711,84.63,76,100,19.33,PH,1627094741
Banda Aceh,5.5577,95.3222,85.3,70,100,13.02,ID,1627094918
Mahébourg,-20.4081,57.7,67.24,94,75,5.75,MU,1627094658
Esim,4.8699,-2.2405,75.31,78,93,9.19,GH,1627094699
Verāval,20.9,70.3667,83.21,84,92,17.38,IN,1627094644
Laurel,39.0993,-76.8483,74.08,72,1,0.0,US,1627094732
Ati,13.2154,18.3353,80.22,62,10,5.82,TD,1627094919
Mercedes,-34.6515,-59.4307,64.02,81,96,7.11,AR,1627094919
Norman Wells,65.282,-126.8329,60.84,72,90,6.91,CA,1627094661
Banjar,-8.19,114.9675,80.46,49,5,0.74,ID,1627094919
Dharmadam,11.7833,75.4333,80.64,80,87,12.97,IN,1627094920
Caluquembe,-13.7833,14.6833,47.71,27,3,3.13,AO,1627094920
Muzhi,65.3667,64.6667,58.77,63,54,10.65,RU,1627094920
Nanortalik,60.1432,-45.2371,41.97,90,74,10.87,GL,1627094520
Yellowknife,62.456,-114.3525,64.33,100,75,0.0,CA,1627094600
Barrow,71.2906,-156.7887,37.42,87,90,14.97,US,1627094657
Caniço,32.6333,-16.85,72.01,80,40,13.8,PT,1627094921
Vardø,70.3705,31.1107,46.15,82,100,36.33,NO,1627094565
Birjand,32.8663,59.2211,72.07,18,0,0.0,IR,1627094921
Saint-Joseph,-21.3667,55.6167,64.78,67,18,7.07,RE,1627094697
Arlit,18.7369,7.3853,83.88,52,87,17.16,NE,1627094506
Freetown,8.484,-13.2299,74.93,96,100,11.83,SL,1627094922
East London,-33.0153,27.9116,52.29,61,88,3.67,ZA,1627094497
Butaritari,3.0707,172.7902,83.59,76,11,17.18,KI,1627094518
Puri,19.8,85.85,85.37,75,100,10.8,IN,1627094922
Aransas Pass,27.9095,-97.15,84.43,85,1,10.0,US,1627094922
Juneau,58.3019,-134.4197,58.21,93,90,3.0,US,1627094639
Lac-Mégantic,45.5834,-70.8823,57.22,90,19,3.18,CA,1627094923
Bayshore Gardens,27.4253,-82.5904,86.02,71,1,4.61,US,1627094923
Torbay,47.6666,-52.7314,57.76,97,90,0.0,CA,1627094679
Pecos,31.4229,-103.4932,92.23,47,1,17.27,US,1627094923
Qaanaaq,77.484,-69.3632,38.95,77,87,1.07,GL,1627094643
Bougouni,11.417,-7.479,70.38,97,93,6.2,ML,1627094924
Hilo,19.7297,-155.09,78.53,86,90,11.5,US,1627094669
Valparaíso,-33.0393,-71.6273,53.47,79,90,5.75,CL,1627094924
Yerbogachën,61.2767,108.0108,75.38,46,100,5.41,RU,1627094650
Hong Kong,22.2855,114.1577,91.96,81,4,1.99,HK,1627094383
Avarua,-21.2078,-159.775,77.05,69,0,12.66,CK,1627094547
Saint-Philippe,-21.3585,55.7679,65.79,71,35,5.48,RE,1627094635
Cherskiy,68.75,161.3,53.15,57,93,11.05,RU,1627094642
Salalah,17.0151,54.0924,77.09,100,90,10.36,OM,1627094772
Lavrentiya,65.5833,-171.0,53.53,69,6,9.28,RU,1627094641
Chokurdakh,70.6333,147.9167,48.78,57,98,14.43,RU,1627094516
Varkala,8.7341,76.7067,78.58,83,100,11.05,IN,1627094925
Samarai,-10.6167,150.6667,81.1,82,68,11.12,PG,1627094926
Tomatlán,19.9333,-105.25,79.66,91,86,3.98,MX,1627094926
Lompoc,34.6391,-120.4579,74.57,82,90,10.36,US,1627094468
Aljezur,37.3191,-8.8033,60.4,93,1,8.05,PT,1627094926
Raymond,43.9015,-70.4703,60.75,89,11,3.09,US,1627094927
Longyearbyen,78.2186,15.6401,42.19,85,74,3.96,SJ,1627094647
Kuril'sk,45.2333,147.8833,67.46,82,72,3.22,RU,1627094927
Namatanai,-3.6667,152.4333,84.61,70,60,8.21,PG,1627094681
Yulara,-25.2406,130.9889,62.44,31,93,11.5,AU,1627094927
Yangi Marg`ilon,40.4272,71.7189,86.72,30,0,0.0,UZ,1627094762
Brae,60.3964,-1.353,53.51,94,93,5.48,GB,1627094928
Aripuanã,-9.1667,-60.6333,74.68,49,24,1.99,BR,1627094928
Batemans Bay,-35.7167,150.1833,61.92,51,79,12.37,AU,1627094778
Cururupu,-1.8283,-44.8683,73.02,93,5,2.77,BR,1627094928
Carbonear,47.7332,-53.2148,58.6,96,100,6.98,CA,1627094929
Roanoke Rapids,36.4615,-77.6542,74.34,100,63,0.0,US,1627094929
Rawson,-43.3002,-65.1023,45.66,43,30,9.37,AR,1627094721
George Town,5.4112,100.3354,85.98,79,20,3.0,MY,1627094659
Srednekolymsk,67.45,153.6833,67.28,38,60,6.2,RU,1627094643
Raudeberg,61.9875,5.1352,57.87,92,31,6.71,NO,1627094930
Udachny,66.4167,112.4,68.63,56,79,12.8,RU,1627094727
Severnyy,50.677,36.5532,60.84,72,0,6.71,RU,1627094930
Aloleng,16.1307,119.7824,83.1,84,100,23.04,PH,1627094930
Praxédis Guerrero,31.3667,-106.0167,76.59,36,1,5.41,MX,1627094930
Saquarema,-22.92,-42.5103,68.02,84,0,12.88,BR,1627094931
Taltal,-25.4,-70.4833,57.31,78,99,4.59,CL,1627094931
Sabha,27.0377,14.4283,76.32,39,0,11.01,LY,1627094931
Meulaboh,4.1363,96.1285,82.69,71,94,2.89,ID,1627094932
Batagay,67.6333,134.6333,77.83,30,96,3.06,RU,1627094932
Quatre Cocos,-20.2078,57.7625,67.08,73,44,12.01,MU,1627094932
Kanigoro,-8.13,112.219,83.53,53,2,8.05,ID,1627094932
Maun,-19.9833,23.4167,44.56,39,0,5.75,BW,1627094933
Tashir,41.1207,44.2846,60.94,88,47,1.39,AM,1627094933
Castro,-24.7911,-50.0119,50.13,80,0,3.09,BR,1627094619
Recodo,6.9519,121.9636,87.82,74,20,6.91,PH,1627094934
Tual,-5.6667,132.75,79.48,80,100,12.68,ID,1627094808
Puerto Escondido,15.85,-97.0667,81.95,78,66,6.13,MX,1627094663
Champerico,14.3,-91.9167,82.72,81,58,5.12,GT,1627094698
Chester,40.1254,-75.8749,71.02,83,1,3.44,US,1627094934
Santander,43.4647,-3.8044,64.6,94,75,3.0,ES,1627094934
Kisangani,0.5167,25.2,70.75,91,60,2.46,CD,1627094935
Novovasylivka,46.8315,35.7536,62.17,64,0,7.63,UA,1627094935
Cidreira,-30.1811,-50.2056,59.85,81,0,5.68,BR,1627094686
Kushiro,42.975,144.3747,76.15,78,75,8.05,JP,1627094935
Tabory,58.5198,64.5495,64.42,67,99,3.44,RU,1627094936
Jesús María,-30.9815,-64.0942,61.12,48,83,10.11,AR,1627094936
Mizdah,31.4451,12.9801,69.04,63,0,4.65,LY,1627094936
Ponta do Sol,32.6667,-17.1,72.01,77,1,6.24,PT,1627094725
Beloha,-25.1667,45.05,62.65,54,99,8.28,MG,1627094937
Waddān,29.1614,16.139,73.26,57,0,1.36,LY,1627094937
Chagoda,59.164,35.3285,51.21,84,100,3.36,RU,1627094937
Baghmara,23.795,86.2085,80.29,86,84,13.89,IN,1627094938
Trifeşti,47.45,27.5167,60.39,87,1,2.89,RO,1627094938
Bereket,39.2446,55.5154,85.89,59,0,8.75,TM,1627094712
Lázaro Cárdenas,17.9583,-102.2,81.36,83,97,1.48,MX,1627094650
Chivolo,10.025,-74.6228,76.5,92,100,4.47,CO,1627094938
Channel-Port aux Basques,47.5702,-59.1367,56.16,88,99,13.69,CA,1627094713
Ndélé,8.4109,20.6473,68.16,97,99,2.35,CF,1627094939
Mar del Plata,-38.0023,-57.5575,51.13,66,0,21.0,AR,1627094685
Padampur,29.6833,73.6167,94.17,50,19,6.6,IN,1627094939
Sayyan,15.1718,44.3244,57.85,81,100,12.93,YE,1627094940
Jaguarão,-32.5661,-53.3758,60.35,86,0,4.14,BR,1627094940
Sensuntepeque,13.8667,-88.6333,73.74,71,89,4.5,SV,1627094940
Chui,-33.6971,-53.4616,58.3,91,9,4.97,UY,1627094708
Mount Isa,-20.7333,139.5,74.97,27,2,5.75,AU,1627094761
Parnamirim,-5.9156,-35.2628,75.09,88,90,6.91,BR,1627094759
Alofi,-19.0595,-169.9187,80.49,83,16,10.36,NU,1627094702
Ancud,-41.8697,-73.8203,36.93,81,0,7.61,CL,1627094682
Capaci,38.1711,13.2393,77.5,68,0,1.01,IT,1627094941
San Patricio,28.017,-97.5169,84.29,77,0,13.22,US,1627094816
Vilhena,-12.7406,-60.1458,69.98,46,1,2.95,BR,1627094656
Kirakira,-10.4544,161.9205,84.74,73,27,7.25,SB,1627094521
Nuuk,64.1835,-51.7216,43.41,87,90,35.68,GL,1627094801
Atambua,-9.1061,124.8925,84.85,33,78,2.04,ID,1627094600
Aswān,24.0934,32.907,87.1,28,0,5.75,EG,1627094725
Voi,-3.3945,38.563,64.26,80,5,7.16,KE,1627094942
New Norfolk,-42.7826,147.0587,53.89,71,95,1.99,AU,1627094670
Ponta Delgada,37.7333,-25.6667,70.52,100,75,9.22,PT,1627094942
Amahai,-3.3333,128.9167,77.54,89,100,8.61,ID,1627094943
Arraial do Cabo,-22.9661,-42.0278,68.76,71,0,19.53,BR,1627094383
Thompson,55.7435,-97.8558,62.76,77,75,12.66,CA,1627094534
Tuktoyaktuk,69.4541,-133.0374,59.0,47,75,14.97,CA,1627094647
Talnakh,69.4865,88.3972,66.81,79,100,21.61,RU,1627094502
Bela,25.9333,81.9833,87.4,71,22,15.93,IN,1627094943
Kachīry,53.0675,76.1036,78.55,47,65,3.11,KZ,1627094764
Dakar,14.6937,-17.4441,74.28,73,37,9.04,SN,1627094756
Tuban,-6.8976,112.0649,84.58,58,7,5.12,ID,1627094944
Faanui,-16.4833,-151.75,78.13,67,26,12.35,PF,1627094768
Leningradskiy,69.3833,178.4167,38.77,83,99,5.37,RU,1627094644
Port Said,31.2565,32.2841,76.98,78,40,10.36,EG,1627094944
Vostok,46.4856,135.8833,90.88,42,100,4.81,RU,1627094650
Campbellsville,37.3434,-85.3419,71.71,64,0,3.96,US,1627094749
Chernivtsi,48.2915,25.9403,65.59,78,41,1.3,UA,1627094945
Jilib,0.4883,42.7854,74.52,76,78,12.55,SO,1627094945
Tasiilaq,65.6145,-37.6368,41.16,99,100,1.88,GL,1627094544
Tucuruí,-3.7661,-49.6725,73.76,63,44,2.75,BR,1627094946
Geraldton,-28.7667,114.6,61.21,88,75,9.22,AU,1627094660
Sydney,-33.8679,151.2073,65.34,50,20,1.01,AU,1627094754
Saint Paul Harbor,57.79,-152.4072,54.91,88,90,9.22,US,1627094471
Bambous Virieux,-20.3428,57.7575,67.21,94,75,5.75,MU,1627094642
Paita,-5.0892,-81.1144,64.94,83,1,12.62,PE,1627094624
Itarema,-2.9248,-39.9167,79.18,75,43,14.45,BR,1627094697
Zambezi,-13.5432,23.1047,49.71,51,97,4.25,ZM,1627094947
Korla,41.7597,86.1469,91.24,25,0,3.89,CN,1627094764
Ilulissat,69.2167,-51.1,44.62,76,75,6.91,GL,1627094654
Buala,-8.145,159.5921,83.52,75,77,4.27,SB,1627094947
Lagoa,39.05,-27.9833,69.98,95,94,12.08,PT,1627094711
Kayes,14.0,-11.0,75.63,84,60,5.88,ML,1627094948
Sinnamary,5.3833,-52.95,77.97,87,65,12.84,GF,1627094948
Hasaki,35.7333,140.8333,88.29,71,8,10.4,JP,1627094790
Kidal,18.4411,1.4078,87.8,42,97,12.75,ML,1627094948
Dom Pedrito,-30.9828,-54.6731,59.14,88,0,6.31,BR,1627094949
Labuhan,-6.8844,112.2051,84.54,59,8,3.89,ID,1627094540
Clyde River,70.4692,-68.5914,35.83,87,40,11.5,CA,1627094590
San Antonio,29.4241,-98.4936,86.09,72,1,1.01,US,1627094705
Berlevåg,70.8578,29.0864,45.03,88,100,35.1,NO,1627094641
Tabou,4.423,-7.3528,74.75,75,100,6.62,CI,1627094950
Colares,38.7992,-9.4469,64.44,77,13,4.0,PT,1627094950
Kalmunai,7.4167,81.8167,84.27,61,91,8.68,LK,1627094950
Imeni Babushkina,59.7573,43.1285,45.09,87,4,3.71,RU,1627094950
Sola,-13.8833,167.55,80.92,74,56,16.51,VU,1627094951
Saint-Avold,49.1027,6.7006,67.75,71,100,1.86,FR,1627094951
Tres Arroyos,-38.3739,-60.2798,43.45,90,98,7.27,AR,1627094951
Shiloh,38.5614,-89.8973,83.57,88,1,3.44,US,1627094952
Qaqortoq,60.7167,-46.0333,46.9,85,49,2.3,GL,1627094952
Laas,46.6166,10.7002,65.28,76,98,2.75,IT,1627094813
São Félix do Xingu,-6.6447,-51.995,70.99,54,73,1.81,BR,1627094602
Prado,-17.3411,-39.2208,68.92,74,93,8.68,BR,1627094953
Tra Vinh,9.9347,106.3453,88.07,61,74,12.66,VN,1627094953
Katsuura,35.1333,140.3,87.91,69,14,10.02,JP,1627094674
Bubaque,11.2833,-15.8333,78.89,79,100,10.85,GW,1627094782
Poum,-20.2333,164.0167,74.37,80,0,9.13,NC,1627094953
Roald,62.5833,6.1333,57.16,100,44,8.05,NO,1627094782
Kitob,39.0843,66.8332,82.98,13,0,2.73,UZ,1627094954
Rafai,4.95,23.9167,68.59,98,97,1.72,CF,1627094954
Ivanivka,46.7208,34.553,63.28,69,0,6.35,UA,1627094954
Vikhorevka,56.1201,101.1636,74.79,48,67,8.99,RU,1627094955
Mukhen,48.1,136.1,95.14,44,85,5.53,RU,1627094955
Nombre de Dios,23.85,-104.2333,65.8,82,100,8.93,MX,1627094955
Ilhabela,-23.7781,-45.3581,64.29,89,11,5.26,BR,1627094792
Linhares,-19.3911,-40.0722,66.0,72,88,4.18,BR,1627094797
Pevek,69.7008,170.3133,39.6,94,94,4.81,RU,1627094673
Deputatsky,69.3,139.9,63.39,48,89,10.47,RU,1627094787
Vao,-22.6667,167.4833,71.15,80,0,7.07,NC,1627094956
Baruun-Urt,46.6806,113.2792,81.07,39,9,7.31,MN,1627094956
Arrondissement de Mont-de-Marsan,44.0,-0.6667,65.61,94,0,3.44,FR,1627094957
Brawley,32.9787,-115.5303,100.65,25,1,18.41,US,1627094957
Dikson,73.5069,80.5464,43.9,78,100,27.36,RU,1627094649
Ascension,30.2169,-90.9001,82.99,88,1,0.0,US,1627094957
Shibetsu,43.659,145.132,81.3,65,75,5.75,JP,1627094958
Camacha,33.0833,-16.3333,68.54,78,40,12.66,PT,1627094958
Thinadhoo,0.5333,72.9333,82.02,77,69,7.76,MV,1627094958
Omboué,-1.5746,9.2618,72.59,81,100,4.52,GA,1627094801
Powell,40.1578,-83.0752,72.36,80,1,1.01,US,1627094712
Gorontalo,0.5412,123.0595,87.51,47,87,5.79,ID,1627094959
Hualmay,-11.0964,-77.6139,62.6,85,31,9.26,PE,1627094795
Imbituba,-28.24,-48.6703,62.49,79,0,11.21,BR,1627094959
Las Palmas,28.4204,-14.0131,72.39,60,88,18.41,ES,1627094960
Toora-Khem,52.4675,96.11,67.37,55,100,0.96,RU,1627094960
Vila Franca do Campo,37.7167,-25.4333,70.21,94,94,6.29,PT,1627094759
Zhigansk,66.7697,123.3711,73.81,38,92,10.94,RU,1627094798
Nyurba,63.2842,118.3319,77.72,42,5,5.57,RU,1627094960
Hithadhoo,-0.6,73.0833,81.07,74,81,1.77,MV,1627094638
Hohoe,7.1518,0.4736,69.31,94,47,3.42,GH,1627094961
Villa Unión,23.2,-106.2333,86.02,63,40,3.62,MX,1627094961
Umm Hājar,13.2954,19.6966,80.91,61,33,3.62,TD,1627094962
Narsaq,60.9167,-46.05,46.62,75,52,1.68,GL,1627094554
Klaksvík,62.2266,-6.589,50.92,93,11,16.35,FO,1627094654
Kavaratti,10.5669,72.642,81.64,83,100,20.04,IN,1627094633
Manzhouli,49.6,117.4333,73.78,46,68,12.01,CN,1627094962
Codó,-4.4553,-43.8856,70.68,59,12,2.91,BR,1627094962
Sapouy,11.5544,-1.7736,74.41,73,100,5.93,BF,1627094963
Bodden Town,19.2833,-81.25,84.2,85,20,3.44,KY,1627094963
Chimbote,-9.0853,-78.5783,63.52,84,87,9.62,PE,1627094963
Belgrade,44.804,20.4651,64.06,78,0,3.44,RS,1627094964
Garmsār,35.2182,52.3409,90.77,23,0,5.08,IR,1627094964
Boa Vista,2.8197,-60.6733,78.78,83,75,2.3,BR,1627094690
Byndoor,13.8667,74.6333,79.61,89,99,10.67,IN,1627094964
Esperance,-33.8667,121.9,55.24,75,93,21.07,AU,1627094661
Kamaishi,39.2667,141.8833,85.15,79,76,8.19,JP,1627094965
Harper,4.375,-7.7169,74.62,75,100,6.42,LR,1627094714
Walvis Bay,-22.9575,14.5053,68.09,7,2,17.27,NA,1627094965
Businga,3.3333,20.8833,70.41,89,73,1.86,CD,1627094966
Te Anau,-45.4167,167.7167,51.37,73,44,2.28,NZ,1627094638
Portland,45.5234,-122.6762,84.61,43,20,3.0,US,1627094672
Waverly,42.7392,-84.6208,71.83,95,40,4.61,US,1627094966
Severo-Kuril'sk,50.6789,156.125,57.9,90,84,5.48,RU,1627094713
Maceió,-9.6658,-35.7353,71.04,88,75,0.0,BR,1627094674
Payo,-3.7508,103.6372,84.99,63,89,2.39,ID,1627094967
Kiryat Gat,31.61,34.7642,77.68,100,61,9.62,IL,1627094754
Kunya,12.2233,8.5325,75.36,88,0,9.22,NG,1627094967
Callaway,30.153,-85.5699,78.19,88,75,5.75,US,1627094967
La Rioja,42.25,-2.5,53.38,67,62,3.78,ES,1627094968
Kaitangata,-46.2817,169.8464,51.93,57,15,6.53,NZ,1627094466
Hearst,49.6835,-83.6665,73.65,68,99,7.16,CA,1627094777
São Filipe,14.8961,-24.4956,73.71,75,16,9.89,CV,1627094635
Saint-François,46.4154,3.9054,69.19,100,75,8.05,FR,1627094676
Tarko-Sale,64.9225,77.785,59.65,69,97,9.06,RU,1627094968
Tiarei,-17.5333,-149.3333,80.62,66,4,8.5,PF,1627094549
Talaya,61.3833,152.75,57.45,82,100,4.79,RU,1627094969
Zhirnovsk,50.9845,44.7735,62.46,61,0,3.58,RU,1627094969
Kolpashevo,58.3131,82.9089,74.1,52,45,4.85,RU,1627094970
Villarrica,-25.75,-56.4333,66.0,57,0,6.22,PY,1627094970
Port-Gentil,-0.7193,8.7815,74.46,80,100,10.65,GA,1627094706
Seoul,37.5683,126.9778,95.41,49,0,3.44,KR,1627094744
North Bend,43.4065,-124.2243,66.11,71,1,26.46,US,1627094970
Matara,5.9485,80.5353,80.13,84,53,10.71,LK,1627094461
Youkounkoun,12.5333,-13.1333,73.96,96,100,5.59,GN,1627094971
Constitución,-35.3333,-72.4167,51.71,83,91,5.28,CL,1627094680
Cap Malheureux,-19.9842,57.6142,67.46,77,28,4.0,MU,1627094764
Noumea,-22.2763,166.4572,80.58,77,2,7.63,NC,1627094971
Araouane,18.9048,-3.5265,88.41,39,53,10.02,ML,1627094972
Turka,49.1541,23.0297,61.14,81,97,1.77,UA,1627094972
Huarmey,-10.0681,-78.1522,63.45,86,37,8.88,PE,1627094972
Dāmghān,36.1683,54.348,84.63,38,0,0.45,IR,1627094973
Puerto Madero,14.7208,-92.4215,82.45,71,91,2.42,MX,1627094973
Zyryanka,65.75,150.85,71.01,40,100,2.37,RU,1627094973
Hamilton,39.1834,-84.5333,74.55,78,1,0.0,US,1627094606
Zhalantun,48.0,122.7167,79.32,66,100,2.26,CN,1627094974
Kushmurun,52.4503,64.6311,75.31,57,100,8.9,KZ,1627094756
Jammu,32.7333,74.8667,86.31,55,7,0.18,IN,1627094974
Caravelas,-17.7125,-39.2481,69.66,73,47,7.16,BR,1627094788
Nchelenge,-9.3451,28.734,66.45,56,88,5.3,ZM,1627094974
Dubbo,-32.25,148.6167,50.13,93,40,14.97,AU,1627094975
Dudinka,69.4058,86.1778,67.86,75,100,28.43,RU,1627094975
Catalina Foothills,32.2979,-110.9187,80.11,70,67,1.01,US,1627094708
Westerland,54.9079,8.3033,62.62,77,90,9.22,DE,1627094828
Trenggalek,-8.05,111.7167,81.36,63,28,7.05,ID,1627094961
Fortuna,40.5982,-124.1573,62.85,75,1,3.0,US,1627094637
Jiujiang,29.7333,115.9833,84.96,69,71,18.14,CN,1627094976
Praia da Vitória,38.7333,-27.0667,71.85,94,75,11.01,PT,1627094771
Urla,38.3229,26.764,75.6,71,0,18.05,TR,1627094976
Shubarshi,48.5872,57.1869,72.07,69,97,8.23,KZ,1627094757
Prabumulih,-3.45,104.25,81.68,81,67,2.06,ID,1627094977
Teknāf,20.8624,92.3058,83.39,85,98,11.18,BD,1627094746
Kāmyārān,34.7956,46.9355,64.35,33,0,3.06,IR,1627094977
Livramento,-3.0254,-60.1803,79.47,94,0,1.14,BR,1627094977
Ubinskoye,55.3068,79.6802,72.37,61,76,6.8,RU,1627094977
Hofn,64.2539,-15.2082,53.4,99,100,5.79,IS,1627094723
Grand Gaube,-20.0064,57.6608,67.37,77,32,4.0,MU,1627094707
Kaputa,-8.4689,29.6619,68.97,51,72,7.61,ZM,1627094978
Atar,20.5169,-13.0499,84.43,26,8,4.85,MR,1627094659
Hobyo,5.3505,48.5268,76.77,80,18,25.97,SO,1627094512
Ambulu,-8.345,113.6058,83.28,55,6,6.51,ID,1627094979
Iqaluit,63.7506,-68.5145,49.73,71,75,8.01,CA,1627094511
Kumul,42.8,93.45,88.34,41,61,12.48,CN,1627094687
Ouro Sogui,15.6064,-13.3211,84.52,39,99,11.99,SN,1627094979
Turangi,-39.0,175.9333,56.43,62,11,3.0,NZ,1627094979
Puerto Baquerizo Moreno,-0.9,-89.6,71.38,81,53,10.29,EC,1627094980
Hay River,60.8156,-115.7999,60.78,88,75,5.75,CA,1627094537
Bambanglipuro,-7.95,110.2833,82.72,61,12,13.02,ID,1627094980
Gaoual,11.75,-13.2,73.26,98,98,2.68,GN,1627094728
Nandaime,11.757,-86.0529,83.26,70,100,9.44,NI,1627094980
São João da Barra,-21.6403,-41.0511,67.17,70,0,7.2,BR,1627094764
Tornabé,15.75,-87.55,82.65,86,11,1.83,HN,1627094981
Mount Gambier,-37.8333,140.7667,49.91,81,40,14.97,AU,1627094637
Quelimane,-17.8786,36.8883,71.55,64,75,8.01,MZ,1627094981
San Francisco,37.7749,-122.4194,81.93,85,20,3.0,US,1627094739
Atlantis,-33.5667,18.4834,46.18,59,0,5.35,ZA,1627094903
Nova Olímpia,-14.7972,-57.2881,71.19,42,0,2.75,BR,1627094982
Khovd,48.0056,91.6419,77.0,36,1,0.81,MN,1627094709
Belaya Gora,68.5333,146.4167,67.93,35,71,7.52,RU,1627094753
Rocha,-34.4833,-54.3333,58.21,87,41,4.47,UY,1627094982
Pisco,-13.7,-76.2167,62.65,77,90,14.97,PE,1627094730
Quang Ngai,15.1167,108.8,87.22,57,98,2.44,VN,1627094983
Quatis,-22.4072,-44.2581,53.47,76,0,1.74,BR,1627094983
Vanimo,-2.6741,141.3028,77.05,92,100,4.38,PG,1627094983
Saldanha,-33.0117,17.9442,41.05,60,0,9.86,ZA,1627094675
Usvyaty,55.7456,30.7533,58.21,72,100,3.29,RU,1627094742
Flin Flon,54.7682,-101.865,62.04,68,67,13.15,CA,1627094713
Ranong,9.9658,98.6348,84.13,83,100,13.56,TH,1627094984
Vaitape,-16.5167,-151.75,78.13,67,26,12.26,PF,1627094984
Jimeta,9.2833,12.4667,72.09,93,95,2.86,NG,1627094984
Talas,38.6908,35.5538,54.27,76,20,1.14,TR,1627094985
Soyo,-6.1349,12.3689,69.13,88,33,2.24,AO,1627094985
San Quintín,30.4833,-115.95,69.51,83,83,9.33,MX,1627094985
San Cristobal,7.7669,-72.225,66.33,98,84,3.8,VE,1627094643
Tynda,55.1667,124.7167,66.45,95,100,2.75,RU,1627094986
Muros,42.7762,-9.0603,65.23,89,23,4.5,ES,1627094509
Blagoyevo,63.3667,47.9167,44.47,83,9,6.4,RU,1627094751
Jumla,29.2747,82.1838,66.92,91,91,2.95,NP,1627094763
Shirokiy,49.758,129.523,86.52,58,34,10.94,RU,1627094716
Louis Trichardt,-23.0439,29.9032,41.32,76,23,10.07,ZA,1627094986
Kharp,66.8014,65.8081,57.52,63,99,3.78,RU,1627094987
Beira,-19.8436,34.8389,66.29,72,40,15.01,MZ,1627094987
Dillon,34.4166,-79.3712,79.61,69,0,6.69,US,1627094987
Bosaso,11.2842,49.1816,90.3,39,97,23.26,SO,1627094988
Creston,41.0586,-94.3614,82.53,100,1,8.05,US,1627094988
Arona,28.0996,-16.681,71.02,80,0,4.61,ES,1627094988
Ahipara,-35.1667,173.1667,59.27,61,1,4.88,NZ,1627094555
Sémbé,1.6481,14.5806,68.49,96,90,2.42,CG,1627094989
Lodwar,3.1191,35.5973,77.14,67,100,11.65,KE,1627094989
Alekseyevka,50.6309,38.6903,63.86,67,74,4.65,RU,1627094990
Keelung,25.1283,121.7419,78.94,90,100,32.68,TW,1627094707
Ayan,56.45,138.1667,59.5,90,75,11.92,RU,1627094672
Olafsvik,64.8945,-23.7142,52.5,98,100,10.36,IS,1627094990
Washington,47.5001,-120.5015,82.62,28,2,6.29,US,1627094794
Mandalgovi,45.7625,106.2708,71.64,36,100,1.77,MN,1627094990
Shahr-e Bābak,30.1165,55.1186,80.74,33,59,4.79,IR,1627094991
Aksarka,66.5606,67.7975,57.15,68,36,9.42,RU,1627094991
Santa Isabel Rio Negro,-0.4139,-65.0192,72.73,99,99,1.03,BR,1627094991
Yārāda,17.65,83.2667,82.72,83,75,11.5,IN,1627094992
Necochea,-38.5473,-58.7368,48.04,73,100,11.41,AR,1627094477
Yorosso,12.3536,-4.7761,73.26,85,45,8.9,ML,1627094992
Brigantine,39.4101,-74.3646,75.02,80,1,0.0,US,1627094737
Rodrigues Alves,-7.738,-72.6509,69.15,65,4,1.72,BR,1627094993
Mossendjo,-2.9506,12.7261,62.08,97,5,1.72,CG,1627094993
Puyo,-1.4667,-77.9833,66.2,84,98,3.18,EC,1627094993
Rome,43.2128,-75.4557,64.44,89,0,1.86,US,1627094994
Mayo,38.8876,-76.5119,74.89,79,1,0.0,US,1627094427
Tezu,27.9167,96.1667,84.9,82,50,2.37,IN,1627094757
Saskylakh,71.9167,114.0833,56.95,69,96,15.41,RU,1627094645
Bulawayo,-20.15,28.5833,41.43,86,8,16.02,ZW,1627094994
Riyadh,24.6877,46.7219,86.14,22,31,3.83,SA,1627094426
Deep River,46.1001,-77.4995,64.15,65,64,2.08,CA,1627094995
Teya,60.3778,92.6267,79.59,38,3,3.76,RU,1627094695
Kisarawe,-6.9,39.0667,66.0,94,20,10.36,TZ,1627094995
Pitimbu,-7.4706,-34.8086,72.19,79,0,15.99,BR,1627094995
Asău,46.4333,26.4,62.76,75,98,2.19,RO,1627094653
Tymovskoye,50.8456,142.655,92.53,46,45,7.54,RU,1627094996
Chenzhou,25.8,113.0333,89.47,55,48,7.76,CN,1627094996
West Bay,19.3667,-81.4167,84.27,81,20,3.44,KY,1627094996
Glamoč,44.0458,16.8486,55.27,80,3,2.8,BA,1627094997
Kahului,20.8947,-156.47,84.22,73,40,26.46,US,1627094674
Belmonte,-15.8631,-38.8828,66.7,77,100,10.87,BR,1627094661
Broken Hill,-31.95,141.4333,55.11,50,9,23.02,AU,1627094805
Riviere-au-Renard,48.9957,-64.3971,59.29,96,100,1.48,CA,1627094997
Aykhal,66.0,111.5,65.19,61,91,15.99,RU,1627094738
Beyneu,45.3167,55.2,83.8,43,7,10.51,KZ,1627094479
Kawalu,-7.3817,108.2082,79.3,76,65,4.63,ID,1627094701
Port Hardy,50.6996,-127.4199,60.98,94,90,0.0,CA,1627094998
Brande,55.9381,9.1218,54.57,95,0,4.88,DK,1627094998
College,64.8569,-147.8028,74.86,74,75,4.61,US,1627094749
Carballo,43.213,-8.691,64.0,92,62,5.77,ES,1627094999
Padang,-0.9492,100.3543,82.45,65,99,2.66,ID,1627094999
Gaffney,35.0718,-81.6498,79.45,71,2,3.91,US,1627094786
Alice Springs,-23.7,133.8833,62.15,29,49,11.5,AU,1627094379
Katangli,51.7102,143.2326,69.71,79,75,11.72,RU,1627094999
Malbork,54.0359,19.0266,59.88,95,6,1.07,PL,1627094728
Pāvugada,14.1,77.2667,73.89,79,100,23.31,IN,1627095000
Honiara,-9.4333,159.95,83.68,81,31,4.61,SB,1627094728
Dunedin,-45.8742,170.5036,53.8,50,12,13.0,NZ,1627094794
Vila Velha,-20.3297,-40.2925,64.35,88,90,3.44,BR,1627094676
Lethem,3.3803,-59.7968,75.09,91,100,4.0,GY,1627095000
Queanbeyan,-35.35,149.2333,48.29,80,75,23.02,AU,1627095001
Bundaberg,-24.85,152.35,77.29,38,30,11.5,AU,1627095001
Kloulklubed,7.0419,134.2556,85.23,74,100,13.02,PW,1627095001
Nishihara,26.1842,127.7558,82.06,94,90,35.68,JP,1627095003
Ketchikan,55.3422,-131.6461,57.67,94,90,6.91,US,1627095004
Dobryanka,58.4619,56.4165,57.06,68,39,6.11,RU,1627095004
Carutapera,-1.195,-46.02,74.71,91,7,5.86,BR,1627094655
Bamako,12.65,-8.0,73.81,100,20,4.61,ML,1627095004
Mossamedes,-15.1961,12.1522,64.15,83,0,3.74,AO,1627094996
Ilo,-17.6394,-71.3375,58.98,86,82,4.32,PE,1627095005
Sørland,67.667,12.6934,52.3,97,100,19.62,NO,1627095005
Waipawa,-41.4122,175.5153,56.03,67,0,6.08,NZ,1627095005
Cartagena,10.3997,-75.5144,82.02,89,40,11.5,CO,1627095006
Japura,-0.3167,102.35,85.69,63,92,4.14,ID,1627095006
Severodvinsk,64.5635,39.8302,46.51,82,100,10.71,RU,1627095006
Ostrovnoy,68.0531,39.5131,43.21,95,100,25.32,RU,1627094691
Ullapool,57.8987,-5.1604,55.76,90,97,5.5,GB,1627095007
Svetlaya,46.5389,138.3297,77.61,76,92,6.38,RU,1627095007
Vila,42.0304,-8.1588,54.32,86,24,2.42,PT,1627094952
Richards Bay,-28.783,32.0377,55.89,56,100,13.85,ZA,1627095007
Coahuayana Viejo,18.7333,-103.6833,79.63,93,57,0.27,MX,1627095008
Leshukonskoye,64.8989,45.7622,44.38,76,32,6.67,RU,1627094781
Isa Khel,36.6702,68.8443,94.95,13,2,1.99,AF,1627095008
Danilovka,50.3557,44.1168,63.95,59,0,4.12,RU,1627095008
Taoudenni,22.6783,-3.9836,95.25,25,18,6.13,ML,1627094739
Kenai,60.5544,-151.2583,64.02,82,90,6.91,US,1627095009
Solginskiy,61.05,41.3428,45.01,68,100,5.82,RU,1627095009
Mersing,2.4312,103.8405,82.31,83,20,6.91,MY,1627095009
Manali,13.1667,80.2667,86.09,62,100,17.83,IN,1627095010
Antalaha,-14.9003,50.2788,66.79,80,45,7.83,MG,1627095010
Río Tercero,-32.173,-64.1141,44.47,42,93,7.72,AR,1627095010
Kashima,33.1061,130.0906,91.74,51,100,9.01,JP,1627095010
Obihiro,42.9172,143.2044,81.81,66,73,5.84,JP,1627095011
Yar-Sale,66.8333,70.8333,56.5,71,7,8.08,RU,1627094666
Beitbridge,-22.2167,30.0,48.18,71,0,14.16,ZW,1627095011
Khani,41.9563,42.9566,60.37,91,81,2.8,GE,1627095011
Tecpan,14.7623,-90.9947,56.52,98,95,5.44,GT,1627095012
Zhaotong,27.3167,103.7167,70.11,79,96,2.91,CN,1627095012
Porosozero,62.7191,32.727,46.36,72,95,4.43,RU,1627094688
Kalabo,-14.97,22.6814,49.19,36,76,6.24,ZM,1627094555
Sterling,39.0062,-77.4286,73.27,71,20,3.0,US,1627095012
Safi,32.2994,-9.2372,68.77,82,2,20.02,MA,1627095013
Araguaçu,-12.9306,-49.8264,74.32,44,21,4.18,BR,1627095013
Bobcaygeon,44.5462,-78.542,65.84,72,16,2.62,CA,1627095013
Beringovskiy,63.05,179.3167,52.68,87,100,7.31,RU,1627094735
West Wendover,40.7391,-114.0733,92.41,20,1,12.66,US,1627094924
Innisfail,-17.5333,146.0333,93.87,65,7,6.96,AU,1627095014
Tatarsk,55.219,75.9828,75.25,58,82,5.37,RU,1627095014
Kendari,-3.945,122.4989,83.46,63,86,0.54,ID,1627095015
Codrington,-38.2667,141.9667,52.61,71,36,16.53,AU,1627094779
Abu Dhabi,24.4667,54.3667,98.71,34,0,6.91,AE,1627094932
Santa Maria,-29.6842,-53.8069,52.9,94,0,3.44,BR,1627094676
Kruisfontein,-34.0033,24.7314,38.88,80,2,5.79,ZA,1627094728
Thetford Mines,46.0913,-71.3013,59.23,81,19,2.17,CA,1627095015
Egvekinot,66.3167,-179.1667,48.33,84,100,6.31,RU,1627095015
Comodoro Rivadavia,-45.8667,-67.5,46.26,49,0,16.11,AR,1627094726
Tilichiki,60.4667,166.1,59.45,72,99,7.43,RU,1627094791
Rincon,32.296,-81.2354,82.31,89,1,4.61,US,1627094752
Kattivākkam,13.2167,80.3167,86.09,64,100,18.28,IN,1627095016
Karratha,-20.7377,116.8463,79.57,30,2,17.96,AU,1627094699
Ampanihy,-24.7,44.75,62.31,53,100,8.14,MG,1627095016
Coquimbo,-29.9533,-71.3436,53.33,82,90,2.3,CL,1627094622
Inuvik,68.3499,-133.7218,67.06,56,75,8.05,CA,1627095017
Ballina,-28.8667,153.5667,71.78,46,0,17.27,AU,1627095017
Enshi,30.3,109.4833,83.44,69,99,2.51,CN,1627095017
Rucheng,32.3883,120.5553,82.98,87,100,13.91,CN,1627095018
Boralday,43.3578,76.8594,84.06,28,0,0.0,KZ,1627095018
Arinos,-15.9169,-46.1056,60.62,54,88,2.04,BR,1627095018
Mazatlan,25.2,-99.8167,81.82,53,0,18.07,MX,1627095019
Derbent,42.0678,48.2899,76.33,71,100,11.07,RU,1627095019
Nikolayevsk-on-Amur,53.1406,140.73,87.66,64,78,1.88,RU,1627094955
Linda,39.1277,-121.5508,100.74,22,1,10.36,US,1627095019
Bandarbeyla,9.4942,50.8122,78.6,63,43,31.07,SO,1627095020
Poya,-21.35,165.15,79.95,57,1,7.23,NC,1627094891
Eskilstuna,59.3666,16.5077,57.72,88,4,1.01,SE,1627095020
The Pas,53.8251,-101.2541,69.82,56,90,14.88,CA,1627095020
Oslob,9.5211,123.4315,86.92,67,54,13.89,PH,1627095021
Sarangani,5.4033,125.4636,84.45,73,87,8.77,PH,1627095021
Yendi,9.4427,-0.0099,75.2,75,99,5.17,GH,1627095021
Qui Nhon,13.7667,109.2333,85.19,63,100,17.54,VN,1627094806
Mujiayingzi,42.1167,118.7833,84.29,54,91,8.63,CN,1627095022
Vestmannaeyjar,63.4427,-20.2734,53.31,99,100,14.38,IS,1627094787
Chara,56.9064,118.2631,66.33,64,100,5.35,RU,1627094968
Boende,-0.2167,20.8667,74.62,75,98,1.99,CD,1627095022
Le Port,-20.9373,55.2919,66.2,59,3,6.08,RE,1627095022
Baní,18.2833,-70.3333,81.86,80,20,10.25,DO,1627095023
El Batey,19.7667,-70.5167,80.58,94,40,0.0,DO,1627095023
Challapata,-18.9,-66.7667,46.47,38,82,0.54,BO,1627095023
Mapimí,25.8167,-103.85,81.18,41,71,0.78,MX,1627095024
Atherton,53.5237,-2.4935,62.22,75,100,3.0,GB,1627095024
Lashio,22.9333,97.75,74.95,91,89,2.82,MM,1627095024
Berdigestyakh,62.0989,126.6992,59.94,97,100,6.2,RU,1627095025
Slave Lake,55.2834,-114.769,69.78,43,1,19.57,CA,1627095025
Shimoda,34.6667,138.95,86.11,70,8,8.7,JP,1627095025
Bukachacha,52.9833,116.9167,69.19,64,85,6.87,RU,1627095025
La Ronge,55.1001,-105.2842,64.65,59,40,8.05,CA,1627094679
Namwala,-15.7504,26.4384,60.03,66,82,10.42,ZM,1627095026
Erdenet,49.0333,104.0833,64.94,64,81,5.93,MN,1627095026
Srandakan,-7.9386,110.2506,82.74,61,15,12.88,ID,1627095026
Sehithwa,-20.4667,22.7167,41.76,26,0,7.02,BW,1627095027
Bawku,11.0616,-0.2417,76.73,68,91,5.95,GH,1627095027
Marsh Harbour,26.5412,-77.0636,82.78,72,100,11.65,BS,1627095027
Cham,47.1821,8.4636,68.61,84,75,0.0,CH,1627095028
Margate,51.3813,1.3862,64.31,90,100,4.0,GB,1627094769
Bali,-8.5,115.0,79.77,55,4,10.89,ID,1627095028
Adrar,20.5022,-10.0711,87.85,22,51,13.15,MR,1627094716
Portoferraio,42.8115,10.3146,76.57,73,31,6.02,IT,1627095029
Juruti,-2.1522,-56.0922,80.26,61,76,3.15,BR,1627095029
Örnsköldsvik,63.2909,18.7153,51.62,87,63,5.75,SE,1627095029
Gushikawa,26.3544,127.8686,81.99,91,90,31.07,JP,1627095021
Orcopampa,-15.2661,-72.3417,45.1,43,17,1.36,PE,1627095030
Laguna,38.421,-121.4238,99.1,19,1,9.22,US,1627094781
Los Llanos de Aridane,28.6585,-17.9182,67.75,93,0,13.8,ES,1627094544
Faya,18.3851,42.4509,61.32,63,100,3.8,SA,1627095030
Nara,34.6851,135.8049,92.25,40,24,3.85,JP,1627095031
Morón,-34.6534,-58.6198,62.98,79,100,4.59,AR,1627094737
Katsina,12.9894,7.6006,73.63,86,98,11.99,NG,1627095031
Nuevo Progreso,23.1667,-97.95,83.59,73,4,5.48,MX,1627095031
Dombarovskiy,50.7587,59.5386,70.14,75,100,9.37,RU,1627095032
Salvacion,7.9833,126.1333,90.23,50,36,7.63,PH,1627095032
Port Blair,11.6667,92.75,82.69,82,100,21.09,IN,1627094675
Ino,33.55,133.4333,83.73,61,99,5.57,JP,1627095032
Anadyr,64.75,177.4833,55.9,87,90,11.01,RU,1627094549
Vetluga,57.8557,45.781,50.4,95,64,6.4,RU,1627095033
Nurota,40.5614,65.6886,78.89,16,0,5.57,UZ,1627095033
Silver City,32.7701,-108.2803,71.56,60,1,14.97,US,1627095033
Hammerfest,70.6634,23.6821,45.05,93,90,8.05,NO,1627094759
Chardara,41.2547,67.9692,85.98,25,0,2.93,KZ,1627095034
Pampa,35.5362,-100.9599,81.19,65,1,11.5,US,1627095034
Acarí,-15.4311,-74.6158,64.44,77,60,4.27,PE,1627094622
Bantou,26.2151,117.4893,90.46,54,32,4.63,CN,1627095034
Tres Picos,15.8667,-93.5333,81.25,73,59,5.64,MX,1627095035
Maxixe,-23.8597,35.3472,59.49,76,61,9.84,MZ,1627095035
Macará,-4.3833,-79.95,66.16,79,1,1.81,EC,1627095035
Susanville,40.4163,-120.653,82.24,15,90,7.0,US,1627095036
Konstantinovo,54.6628,29.2699,52.32,86,6,6.29,BY,1627095036
Coruripe,-10.1256,-36.1756,71.67,86,78,8.66,BR,1627094693
Mabaruma,8.2,-59.7833,73.92,96,100,2.57,GY,1627095036
Xinzhi,36.4989,111.7047,85.23,52,2,5.84,CN,1627095037
Salto,-31.3833,-57.9667,62.87,75,0,7.43,UY,1627095037
Gouré,13.9835,10.2704,79.02,67,89,12.3,NE,1627095037
Maricá,-22.9194,-42.8186,67.91,82,0,11.88,BR,1627094594
Tigil',57.8,158.6667,62.78,78,100,6.55,RU,1627095037
Great Falls,47.5002,-111.3008,83.59,15,1,5.01,US,1627094913
Longhua,23.6137,114.1919,94.03,52,13,4.21,CN,1627095038
Heiligenhafen,54.3667,10.9833,60.82,79,0,7.76,DE,1627095038
Bara,10.3744,10.7288,70.66,97,80,5.28,NG,1627095038
Quanzhou,24.9139,118.5858,91.35,54,30,4.65,CN,1627095039
Marathon,44.9,-89.7668,78.55,84,96,7.4,US,1627095039
Thākurganj,26.45,88.1333,84.18,77,39,15.21,IN,1627095039
Buluang,13.3068,123.3425,84.11,82,100,17.31,PH,1627095040
Bluffton,32.2371,-80.8604,82.42,85,75,8.05,US,1627094761
Nador,35.174,-2.9287,78.87,94,0,3.44,MA,1627095040
Ishigaki,24.3448,124.1572,80.73,94,75,26.46,JP,1627095040
Laichow,37.1717,119.9214,87.57,53,14,4.85,CN,1627095041
Manavālakurichi,8.1333,77.3,78.89,80,100,14.47,IN,1627095041
Pangody,65.85,74.4859,56.57,72,100,9.89,RU,1627095042
Sagamu,6.8432,3.6478,76.78,90,72,2.13,NG,1627095042
Shakhtinsk,49.71,72.5872,75.76,35,0,8.28,KZ,1627094688
Krasnovishersk,60.4078,57.082,57.92,67,36,8.9,RU,1627095042
Masunga,-20.6246,27.4488,43.63,72,0,16.17,BW,1627095043
Basoko,1.2391,23.616,72.88,86,99,4.25,CD,1627095043
Ardakān,32.31,54.0175,89.98,15,4,5.91,IR,1627095043
Kogon,39.7228,64.5517,82.04,39,0,4.61,UZ,1627095044
Fatezh,52.0891,35.8632,61.56,87,99,4.76,RU,1627095044
Pambuhan,13.9736,123.0837,85.48,76,100,17.49,PH,1627095044
Forsytheganj,52.6333,29.7333,62.56,78,100,5.44,BY,1627095044
Geilo,60.5333,8.2076,57.7,85,48,1.52,NO,1627095045
Nemuro,43.3236,145.575,81.03,90,77,13.22,JP,1627094677
Kultuk,51.7208,103.6956,69.22,60,69,3.2,RU,1627095045
Pyapon,16.2833,95.6833,81.73,86,100,11.54,MM,1627095045
Kragujevac,44.0167,20.9167,61.32,80,9,3.85,RS,1627095046
Isla Mujeres,21.2311,-86.731,82.17,83,100,9.75,MX,1627095046
Terrace,54.5163,-128.6035,60.71,82,90,18.41,CA,1627094677
Atbasar,51.8,68.3333,78.62,36,27,9.86,KZ,1627095046
Port Hope,43.9408,-82.7127,71.96,78,68,0.0,US,1627095047
Tandil,-37.3217,-59.1332,48.31,73,100,8.99,AR,1627095047
San Angelo,31.4638,-100.437,90.32,49,1,3.0,US,1627094779
Chapais,49.7834,-74.8492,58.78,67,47,3.78,CA,1627094803
Grindavik,63.8424,-22.4338,55.9,100,90,19.57,IS,1627094745
Usinsk,65.9939,57.5281,54.19,79,100,9.82,RU,1627095048
Smidovich,48.6,133.8167,91.42,51,18,10.18,RU,1627095048
Swedru,5.5371,-0.6998,76.91,95,29,3.76,GH,1627095048
Wattegama,6.7989,81.4808,79.72,59,62,11.5,LK,1627095049
Saint-Augustin,51.226,-58.6502,49.3,91,100,10.87,CA,1627094811
Rundu,-17.9333,19.7667,40.87,20,0,6.85,NA,1627095049
Fare,-16.7,-151.0167,77.72,67,9,11.72,PF,1627094502
Lubao,14.9167,120.55,77.07,86,100,16.31,PH,1627095049
Sandpoint,48.2766,-116.5533,83.16,14,1,3.44,US,1627095024
Oswego,43.4501,-76.1497,66.15,92,0,2.3,US,1627095050
Chunoyar,57.4467,97.3217,80.37,38,0,8.34,RU,1627095050
Hīt,33.6416,42.8251,89.51,32,0,10.85,IQ,1627094900
Impfondo,1.6381,18.0667,70.27,87,94,3.0,CG,1627095051
Mogadishu,2.0371,45.3438,76.98,82,100,24.72,SO,1627094770
Spirit River,55.7833,-118.8361,66.72,49,76,13.18,CA,1627095004
Moose Factory,51.2585,-80.6094,73.4,53,1,9.22,CA,1627095051
Mezen',65.8522,44.24,44.96,82,100,9.91,RU,1627095051
Gürgentepe,40.7883,37.6017,52.84,92,97,3.38,TR,1627095052
Rāyagada,19.1667,83.4167,80.06,82,100,4.9,IN,1627095052
Morant Bay,17.8815,-76.4093,85.62,79,7,6.69,JM,1627094773
Genhe,50.7833,121.5167,79.27,36,90,10.22,CN,1627095052
Acajutla,13.5928,-89.8275,81.7,68,48,9.93,SV,1627095053
Jovellanos,22.8044,-81.1944,76.91,88,59,5.97,CU,1627095053
Hervey Bay,-25.2986,152.8535,77.11,58,23,10.25,AU,1627094982
Lakki,32.6079,70.9114,96.44,36,92,2.77,PK,1627095053
Gizo Government Station,-8.103,156.8419,84.02,68,88,2.28,SB,1627094774
Ust-Kuyga,70.0167,135.6,69.76,45,49,7.54,RU,1627095054
Emerald,-23.5333,148.1667,74.34,28,0,13.8,AU,1627094698
Bida,9.0833,6.0167,73.17,94,100,2.64,NG,1627095054
Tauá,-5.9667,-40.3,73.36,54,72,12.8,BR,1627095055
Avilés,43.5547,-5.9248,61.99,93,75,1.14,ES,1627094689
